author,poem_name,TOTAL_WORD_COUNT,UNIQUE_WORD_COUNT,TYPE_TOKEN_RATIO,AVG_WORD_LENGTH,STD_WORD_LENGTH,HAPAX_LEGOMENA,FUNCTION_WORD_FREQ,STOP_WORD_RATIO,CHAR_UNIGRAM_ENTROPY,CHAR_BIGRAM_ENTROPY,CHAR_TRIGRAM_ENTROPY,CHAR_DIVERSITY,RARE_CHAR_RATIO,AVG_SYLLABLES_PER_WORD,AVG_LINE_LENGTH_WORDS,AVG_STANZA_LENGTH,TOTAL_LINES,ANAPHORA_SCORE,EPIPHORA_SCORE,ENJAMBMENT_RATIO,ESTIMATED_NOUN_COUNT,ESTIMATED_VERB_COUNT,NOUN_VERB_RATIO,READABILITY_SCORE,Emotion,Sentiment
avvaiyaar,அமுதும்‌ அன்பும்‌!,15,15,1.0,7.6,2.184795948,15,0,0.0,4.565674279,6.366472728,6.79122668,29,0.162962963,4.2,3.75,4,4,0.0,0.0,0.75,0,0,0.0,70.0,Sad,Negative
avvaiyaar,அழகு எது,18,16,0.888888889,6.166666667,2.967415636,14,0,0.0,4.356230759,5.965839062,6.477451426,24,0.136690647,3.611111111,4.5,4,4,0.0,0.0,0.75,0,0,0.0,64.0,Happy,Positive
avvaiyaar,ஆரையடா,15,15,1.0,7.0,2.12916259,15,0,0.0,4.527814528,6.359588785,6.780730383,26,0.111111111,3.866666667,3.75,4,4,0.0,0.0,0.75,0,0,0.0,70.0,Sad,Neutral
avvaiyaar,இடம்‌ எங்கே,15,15,1.0,7.733333333,2.694851058,15,0,0.0,4.348382389,5.967278971,6.424674425,25,0.169014085,4.066666667,3.75,4,4,0.0,0.0,0.75,0,3,0.0,70.0,Sad,Negative
avvaiyaar,இன்றுபோல்‌ என்றும்‌ இரும்‌!,15,15,1.0,7.8,2.343786111,15,0,0.0,4.443196661,6.100574652,6.657602519,27,0.171232877,4.266666667,3.75,4,4,0.0,0.0,0.75,0,0,0.0,70.0,Happy,Positive
avvaiyaar,உயிர் வருக்கம்,29,29,1.0,6.137931034,1.833108119,29,0,0.0,4.517689303,6.365077861,7.068693678,32,0.169902913,3.75862069,2.230769231,13,13,0.0,0.0,1.0,0,4,0.0,42.0,Happy,Positive
avvaiyaar,உயிர்மெய் வருக்கம்,45,42,0.933333333,5.6,1.611072796,39,0,0.022222222,4.564984689,6.760687108,7.507794813,33,0.192567568,3.333333333,2.5,18,18,0.0,0.111111111,1.0,0,0,0.0,10.0,Happy,Positive
avvaiyaar,என்ன செல்வம்‌,16,16,1.0,8.5625,2.645012996,16,0,0.0,4.548915587,6.273036596,6.781414443,27,0.167701863,4.4375,4.0,4,4,0.0,0.0,0.75,1,0,0.0,68.0,Sad,Negative
avvaiyaar,என்றும்‌ கிழியாது!,15,15,1.0,9.2,2.072036036,15,0,0.0,4.515993399,6.284993643,6.777999197,29,0.221556886,4.933333333,3.75,4,4,0.0,0.0,0.75,1,0,0.0,70.0,Happy,Positive
avvaiyaar,என்‌ உள்ளம்‌!,15,15,1.0,8.266666667,2.719477074,15,0,0.0,4.263811468,5.951902485,6.538903851,25,0.212903226,4.533333333,3.75,4,4,0.0,0.0,0.75,0,1,0.0,70.0,Happy,Positive
avvaiyaar,எல்லார்க்கும்‌ எளிது!,15,15,1.0,9.6,2.303620339,15,1,0.066666667,4.503980443,6.435364113,7.025175532,28,0.183431953,5.133333333,3.75,4,4,0.0,0.0,0.75,1,0,0.0,70.0,Happy,Positive
avvaiyaar,ஓங்கும்‌ கோவலூா!,16,16,1.0,7.5,1.870828693,16,0,0.0,4.571405475,6.325591234,6.830742259,29,0.136054422,4.125,4.0,4,4,0.0,0.0,0.75,0,0,0.0,68.0,Happy,Positive
avvaiyaar,ககர வருக்கம்,24,22,0.916666667,6.125,1.899835519,20,0,0.0,4.421616975,6.300027787,6.868412587,27,0.164705882,3.541666667,2.0,12,12,0.0,0.166666667,1.0,0,1,0.0,52.0,Happy,Positive
avvaiyaar,கடகஞ்‌ செறியாதோ,15,15,1.0,7.6,1.704894914,15,0,0.0,4.536938449,6.366056353,6.838387084,27,0.173913043,4.2,3.75,4,4,0.0,0.0,0.75,1,1,1.0,70.0,Happy,Positive
avvaiyaar,குதிரையும்‌ கிழவியும்‌,18,17,0.944444444,8.388888889,2.40690878,16,0,0.0,4.342778604,6.317681416,6.891518932,25,0.138888889,4.388888889,4.5,4,4,0.0,0.0,0.75,0,0,0.0,64.0,Devotion,Positive
avvaiyaar,சந்நியாசம்‌ கொள்‌!,15,15,1.0,7.266666667,2.322833519,15,0,0.0,4.510133807,6.334423015,6.763186426,28,0.194029851,4.066666667,3.75,4,4,0.0,0.0,0.75,0,0,0.0,70.0,Sad,Negative
avvaiyaar,சாடினாள்‌!,15,15,1.0,7.866666667,2.445858177,15,0,0.066666667,4.409381911,6.075217133,6.577437439,26,0.147887324,4.4,3.75,4,4,0.0,0.0,0.75,1,0,0.0,70.0,Sad,Negative
avvaiyaar,சிற்றாடைக்கு நோ!,15,15,1.0,7.866666667,2.963481436,15,0,0.0,4.544044499,6.115134648,6.728097099,28,0.208333333,4.2,3.75,4,4,0.0,0.0,0.75,2,0,0.0,70.0,Happy,Positive
avvaiyaar,சிலம்பியின்‌ சிலம்பு!,15,15,1.0,7.8,1.6,15,0,0.0,4.587818251,6.21298963,6.616792974,28,0.176056338,4.333333333,3.75,4,4,0.0,0.0,0.75,0,1,0.0,85.0,Happy,Positive
avvaiyaar,சேரலன்‌ வருக!,15,15,1.0,7.933333333,2.351358945,15,0,0.066666667,4.54537255,6.232671598,6.725314973,28,0.149659864,4.533333333,3.75,4,4,0.0,0.0,0.75,2,1,2.0,70.0,Happy,Positive
avvaiyaar,திருகிப்‌ பறிப்பேன்‌!,22,22,1.0,7.090909091,2.294441721,22,0,0.0,4.49422435,6.427593041,7.094694161,26,0.192708333,4.0,3.666666667,6,6,0.0,0.0,0.666666667,4,0,0.0,78.0,Happy,Neutral
avvaiyaar,தேய்ந்த கொடை!,15,15,1.0,8.733333333,2.489087294,15,0,0.0,4.298529383,6.040966656,6.637036341,25,0.165605096,4.666666667,3.75,4,4,0.0,0.0,0.75,1,1,1.0,70.0,Sad,Negative
avvaiyaar,நன்று எது,15,14,0.933333333,7.533333333,2.445858177,13,0,0.0,4.521420266,6.170953996,6.598080853,26,0.160583942,3.933333333,3.75,4,4,0.0,0.0,0.75,2,0,0.0,70.0,Sad,Negative
avvaiyaar,நல்காத செல்வம்‌!,15,15,1.0,10.06666667,2.568181371,15,0,0.0,3.934644336,5.412241341,6.048832691,25,0.208791209,5.533333333,3.75,4,4,0.0,0.0,0.75,1,0,0.0,70.0,Sad,Negative
avvaiyaar,பகட்டுக்கு மதிப்பு!,15,13,0.866666667,8.4,1.540562668,12,0,0.0,4.412038818,5.904102291,6.336603398,26,0.184210526,4.533333333,3.75,4,4,0.0,0.0,0.75,1,0,0.0,70.0,Happy,Neutral
avvaiyaar,பண்டுபோல்‌ நிற்க!,15,15,1.0,8.066666667,2.489087294,15,0,0.0,4.361801069,5.981653087,6.566135175,26,0.189189189,4.4,3.75,4,4,0.0,0.0,0.75,0,0,0.0,70.0,Happy,Positive
avvaiyaar,பரமனுக்குப்‌ பாரம்‌,22,22,1.0,8.181818182,3.024691774,22,1,0.0,4.42839634,6.473036867,7.136100659,28,0.173515982,4.409090909,3.666666667,6,6,0.0,0.0,0.833333333,1,0,0.0,78.0,Sad,Negative
avvaiyaar,பழக்கமும்‌ குணமும்‌!,15,15,1.0,8.6,2.303620339,15,0,0.0,4.132031634,5.685629737,6.142817644,22,0.20754717,5.066666667,3.75,4,4,0.0,0.0,0.75,0,0,0.0,70.0,Happy,Positive
avvaiyaar,பழம்‌ தந்த பனந்துண்டம்‌!,30,30,1.0,8.266666667,2.096558026,30,0,0.0,4.382106207,6.656926005,7.462562564,28,0.187713311,4.466666667,5.0,6,6,0.0,0.0,0.833333333,1,0,0.0,40.0,Happy,Positive
avvaiyaar,பாண்டியன்‌ வருக!,15,15,1.0,7.533333333,2.246973273,15,0,0.0,4.43920327,6.325355004,6.797653394,25,0.140740741,3.933333333,3.75,4,4,0.0,0.0,0.75,0,0,0.0,70.0,Happy,Neutral
avvaiyaar,பாலும்‌! நெய்யும்‌!,15,15,1.0,8.333333333,2.412928143,15,0,0.0,4.394705657,6.276648552,6.888281613,26,0.147651007,4.466666667,3.75,4,4,0.0,0.0,0.75,0,0,0.0,70.0,Happy,Positive
avvaiyaar,புகார்‌ மன்னன்‌ வருக!,15,15,1.0,7.333333333,2.32856656,15,0,0.0,4.288217689,6.143650896,6.727075785,25,0.148148148,3.6,3.75,4,4,0.0,0.0,1.0,1,0,0.0,70.0,Happy,Positive
avvaiyaar,பூதனின்‌ விருந்து!,17,17,1.0,7.411764706,3.255020078,17,0,0.0,4.516191092,6.3403343,6.851369862,27,0.147435897,3.941176471,4.25,4,4,0.0,0.0,0.75,1,1,1.0,66.0,Happy,Positive
avvaiyaar,பூனை கண்ட கிளி,15,14,0.933333333,8.933333333,2.434930982,13,0,0.0,4.320608619,6.086091434,6.577811532,25,0.185185185,4.733333333,3.75,4,4,0.0,0.0,1.0,0,0,0.0,70.0,Sad,Negative
avvaiyaar,பொன்மாரி பெய்க!,15,15,1.0,7.4,1.743559577,15,0,0.0,4.402669807,6.139118746,6.677436731,24,0.145985401,4.066666667,3.75,4,4,0.0,0.0,0.75,0,0,0.0,70.0,Happy,Positive
avvaiyaar,பொன்‌ ஆடு!,15,15,1.0,8.733333333,1.878533707,15,0,0.0,4.343783176,5.98171985,6.615785657,26,0.175,4.6,3.75,4,4,0.0,0.0,0.75,4,2,2.0,70.0,Happy,Positive
avvaiyaar,மகர வருக்கம்,28,28,1.0,6.607142857,2.756023089,28,0,0.0,4.429094991,6.464360876,7.16926708,30,0.183962264,3.535714286,2.545454545,11,11,0.0,0.0,1.0,1,1,1.0,44.0,Happy,Positive
avvaiyaar,மூவகை மனிதர்‌!,15,15,1.0,8.0,2.394437999,15,0,0.0,4.35542744,6.135958231,6.614970145,23,0.156462585,4.4,3.75,4,4,0.0,0.0,0.75,0,0,0.0,70.0,Happy,Neutral
avvaiyaar,வகர வருக்கம்,26,25,0.961538462,5.807692308,2.019505476,24,0,0.0,4.513365436,6.422233255,7.037028608,31,0.176136364,3.076923077,2.363636364,11,11,0.0,0.090909091,1.0,0,0,0.0,48.0,Happy,Positive
avvaiyaar,வாராயேல்‌ சபிப்பேன்‌!,30,21,0.7,7.966666667,1.779200819,12,0,0.0,4.51179442,6.639597034,7.263997029,27,0.137457045,4.3,3.75,8,8,0.25,0.25,0.75,0,0,0.0,80.0,Happy,Neutral
kambar,அக்ககுமாரன் வதைப் படலம்(சுந்தர காண்டம் - 2),1912,1389,0.726464435,5.807008368,2.344068684,1139,26,0.014644351,4.700968082,7.93392101,10.23843224,40,0.169467184,3.269351464,7.242424242,264,264,0.034090909,0.087121212,0.363636364,149,38,3.921052632,41.16923077,Sad,Negative
kambar,அரசியற் படலம்(கிட்கிந்தா காண்டம் - 2),907,738,0.813671444,6.586549063,2.959103066,635,15,0.01323043,4.721590967,8.00758238,10.09433539,41,0.174335798,3.689084895,5.928104575,153,153,0.026143791,0.065359477,0.575163399,79,13,6.076923077,66.40740741,Happy,Positive
kambar,அரசியற் படலம்(பாலகாண்டம்-1),333,275,0.825825826,5.441441441,2.406265663,243,3,0.015015015,4.661731334,7.602647324,9.297862582,38,0.167932113,3.108108108,5.946428571,56,56,0.053571429,0.089285714,0.535714286,21,7,3.0,39.45454545,Happy,Positive
kambar,ஆறு செல் படலம்(அயோத்தியா காண்டம் - 2),1325,1009,0.761509434,5.856603774,2.396027328,825,29,0.018113208,4.652702688,7.811579968,10.01604982,41,0.160881656,3.323018868,5.257936508,252,252,0.035714286,0.119047619,0.488095238,93,23,4.043478261,61.5942029,Sad,Negative
kambar,ஆற்றுப் படலம்(பாலகாண்டம்-1),589,464,0.787775891,5.60950764,2.379948337,399,2,0.008488964,4.687723796,7.730689591,9.659403696,40,0.163894325,3.196943973,4.395522388,134,134,0.037313433,0.082089552,0.544776119,35,8,4.375,41.1,Happy,Positive
kambar,இராவணன் களம் காண் படலம்(யுத்த காண்டம் - பகுதி 5),693,585,0.844155844,6.702741703,2.396114216,526,10,0.017316017,4.664057224,7.856811987,9.893709966,40,0.183603604,3.731601732,5.5,126,126,0.055555556,0.03968254,0.611111111,49,21,2.333333333,62.54054054,Sad,Negative
kambar,இராவணன் வானரத் தானை காண் படலம்(யுத்த காண்டம் - பகுதி 2),723,630,0.871369295,6.089903181,2.372956293,572,9,0.015214385,4.634674256,7.849598141,9.896948288,41,0.172961855,3.392807746,4.952054795,146,146,0.006849315,0.054794521,0.664383562,58,11,5.272727273,62.92307692,Sad,Negative
kambar,இலங்கை காண் படலம்(யுத்த காண்டம் - பகுதி 1),1375,1070,0.778181818,5.978181818,2.207647115,902,17,0.015272727,4.676593718,7.957660483,10.1791699,40,0.175214942,3.356363636,6.773399015,203,203,0.064039409,0.103448276,0.448275862,97,42,2.30952381,62.32876712,Sad,Negative
kambar,கங்கைப் படலம்(அயோத்தியா காண்டம் - 2),1908,1342,0.703354298,5.96802935,2.456012367,1067,28,0.013102725,4.597784253,7.803599109,10.02847021,40,0.16031483,3.292976939,4.994764398,382,382,0.081151832,0.102094241,0.607329843,171,32,5.34375,61.84,Devotion,Positive
kambar,கடல் காண் படலம்(யுத்த காண்டம் - பகுதி 1),347,321,0.925072046,6.472622478,2.335350385,301,3,0.017291066,4.579380288,7.652017158,9.407386674,39,0.186142322,3.590778098,6.673076923,52,52,0.019230769,0.057692308,0.673076923,21,8,2.625,53.73333333,Sad,Negative
kambar,கடல் தாவு படலம்(சுந்தர காண்டம் - 1),2604,1847,0.709293395,6.107910906,2.22338129,1493,42,0.021121352,4.645382834,7.934359643,10.23157473,41,0.182968813,3.43202765,6.229665072,418,418,0.059808612,0.110047847,0.502392344,204,61,3.344262295,68.24390244,Devotion,Positive
kambar,கரன்வதைப் படலம்(ஆரணிய காண்டம் - 1),3446,2316,0.672083575,6.154381892,2.406213472,1847,36,0.0171213,4.603075015,7.820272887,10.13805919,40,0.163376826,3.438769588,4.746556474,726,726,0.084022039,0.097796143,0.534435262,223,66,3.378787879,59.93023256,Sad,Negative
kambar,கும்பகருணன் வதைப் படலம்(யுத்த காண்டம் - பகுதி 2),8930,5473,0.61287794,6.874244121,3.088862632,4272,175,0.02150056,4.699120073,8.078705151,10.62033774,40,0.179085216,3.837513998,5.438489647,1642,1642,0.112058465,0.116930572,0.543239951,664,202,3.287128713,62.08067941,Sad,Negative
kambar,குலமுறை கிளத்து படலம்(பாலகாண்டம்-2),925,710,0.767567568,5.874594595,2.615432985,601,11,0.018378378,4.662691631,7.804040299,9.885298675,40,0.162024558,3.323243243,4.512195122,205,205,0.068292683,0.082926829,0.692682927,54,14,3.857142857,57.95454545,Devotion,Positive
kambar,கையடைப் படலம்(பாலகாண்டம்-1),729,578,0.792866941,6.046639232,2.60852624,492,16,0.030178326,4.67393319,7.829299125,9.817048143,40,0.17278658,3.397805213,4.959183673,147,147,0.034013605,0.081632653,0.714285714,61,15,4.066666667,57.11764706,Devotion,Positive
kambar,கோலங்காண் படலம்(பாலகாண்டம்-2),1310,977,0.745801527,5.7,2.261712517,799,4,0.006870229,4.688142949,7.909990432,10.10241456,41,0.174511303,3.249618321,5.219123506,251,251,0.055776892,0.107569721,0.494023904,80,32,2.5,54.82758621,Devotion,Positive
kambar,சடாயு காண் படலம்(ஆரணிய காண்டம் - 1),1205,967,0.802489627,6.214107884,2.454018665,831,17,0.014937759,4.581765461,7.766930619,9.954989658,41,0.160973085,3.476348548,4.564393939,264,264,0.045454545,0.075757576,0.541666667,114,29,3.931034483,67.43243243,Sad,Negative
kambar,சவரி பிறப்பு நீங்கு படலம்(ஆரணிய காண்டம் - 2),250,218,0.872,5.944,2.062247318,190,6,0.02,4.48695318,7.392258145,9.019528604,38,0.169440242,3.376,4.464285714,56,56,0.071428571,0.125,0.571428571,22,4,5.5,70.58823529,Devotion,Positive
kambar,சூடாமணிப் படலம்(சுந்தர காண்டம் - 1),1757,1300,0.739897553,6.145133751,2.379239426,1094,53,0.02902675,4.670102871,7.9175881,10.14629467,41,0.171143457,3.417757541,4.935393258,356,356,0.053370787,0.061797753,0.676966292,129,35,3.685714286,76.72847682,Devotion,Positive
kambar,தானை காண் படலம்(கிட்கிந்தா காண்டம் - 2),995,761,0.764824121,6.405025126,2.398444822,640,8,0.008040201,4.664136207,7.879457936,9.934251489,40,0.158003088,3.567839196,5.320855615,187,187,0.069518717,0.080213904,0.524064171,84,26,3.230769231,60.98039216,Happy,Positive
kambar,திருவடி தொழுத படலம்(சுந்தர காண்டம் - 2),2714,1875,0.690862196,6.322033898,2.433533718,1524,47,0.019159912,4.6631325,7.937870481,10.276542,41,0.176148744,3.49963154,6.253456221,434,434,0.094470046,0.110599078,0.610599078,160,62,2.580645161,58.5648855,Happy,Positive
kambar,திருவடிசூட்டு படலம்(அயோத்தியா காண்டம் - 2),1858,1344,0.72335845,5.886437029,2.34452368,1109,47,0.01722282,4.637106262,7.80768742,10.04318559,40,0.163350634,3.334230355,5.090410959,365,365,0.076712329,0.095890411,0.567123288,160,36,4.444444444,70.74015748,Devotion,Positive
kambar,தைலமாட்டு படலம்(அயோத்தியா காண்டம் - 1),2340,1686,0.720512821,6.088461538,2.402872965,1377,35,0.01965812,4.616772233,7.878414121,10.18176257,40,0.174410812,3.394444444,4.317343173,542,542,0.079335793,0.10701107,0.636531365,188,79,2.379746835,61.32231405,Sad,Negative
kambar,நாட்டுப் படலம்(பாலகாண்டம்-1),1652,1181,0.714891041,5.796004843,2.437133735,960,5,0.004237288,4.668655147,7.891698175,10.16495672,40,0.167766824,3.319007264,5.277955272,313,313,0.051118211,0.089456869,0.584664537,113,19,5.947368421,48.375,Happy,Positive
kambar,நீர்விளையாட்டுப் படலம்(பாலகாண்டம்-2),918,702,0.764705882,5.738562092,2.47586496,584,13,0.01416122,4.685185633,7.803999981,9.862027218,40,0.175316651,3.251633987,4.683673469,196,196,0.071428571,0.086734694,0.382653061,66,14,4.714285714,44.36363636,Happy,Positive
kambar,பம்பைப் படலம்(கிட்கிந்தா காண்டம் - 1),1055,843,0.799052133,5.780094787,2.207909519,724,12,0.017061611,4.587631847,7.795616604,9.936631763,39,0.153656958,3.287203791,4.976415094,212,212,0.028301887,0.075471698,0.622641509,72,19,3.789473684,65.96774194,Happy,Positive
kambar,பரசுராமப் படலம்(பாலகாண்டம்-2),1494,1038,0.694779116,5.44042838,2.192569618,841,31,0.026104418,4.730815704,7.93270107,10.15212089,40,0.154793576,3.056894244,5.098976109,293,293,0.051194539,0.112627986,0.5221843,129,55,2.345454545,65.65517241,Happy,Positive
kambar,பிரமாத்திரப் படலம்(யுத்த காண்டம் - பகுதி 4),6347,4149,0.653694659,6.734362691,2.508913855,3249,88,0.015440366,4.675784802,7.980860527,10.44736778,41,0.17826146,3.748227509,6.216454456,1021,1021,0.083251714,0.131243879,0.442703232,543,184,2.951086957,59.0516129,Sad,Negative
kambar,பூக்கொய் படலம்(பாலகாண்டம்-2),1193,896,0.751047779,5.862531433,2.209378614,747,28,0.026823135,4.685606973,7.846102882,9.991504542,40,0.178450391,3.280804694,4.772,250,250,0.064,0.112,0.544,56,26,2.153846154,55.81481481,Happy,Positive
kambar,பொழில் இறுத்த படலம்(சுந்தர காண்டம் - 2),3089,2174,0.703787634,6.259307219,2.385024968,1755,35,0.015539009,4.657457969,7.927963224,10.28906185,40,0.173598321,3.538361929,5.678308824,544,544,0.064338235,0.080882353,0.544117647,235,120,1.958333333,63.22619048,Devotion,Positive
kambar,மகரக் கண்ணன் வதைப் படலம்(யுத்த காண்டம் - பகுதி 3),1090,888,0.814678899,6.322018349,2.229076322,781,13,0.017431193,4.63101556,7.869915165,9.997571552,40,0.175459256,3.488990826,6.337209302,172,172,0.040697674,0.122093023,0.494186047,115,16,7.1875,51.55555556,Sad,Negative
kambar,மந்திரப் படலம்(அயோத்தியா காண்டம் - 1),2460,1631,0.66300813,5.969512195,2.372669024,1271,34,0.018292683,4.625789086,7.817669639,10.08118406,40,0.169701265,3.358536585,5.578231293,441,441,0.095238095,0.088435374,0.589569161,200,50,4.0,60.95238095,Happy,Positive
kambar,மயேந்திரப் படலம்(கிட்கிந்தா காண்டம் - 2),750,626,0.834666667,6.081333333,2.308834819,541,7,0.014666667,4.664761841,7.83796468,9.811111882,39,0.180435167,3.409333333,6.465517241,116,116,0.017241379,0.068965517,0.586206897,48,17,2.823529412,57.14285714,Devotion,Positive
kambar,மாயா சனகப் படலம்(யுத்த காண்டம் - பகுதி 3),2651,1970,0.743115805,6.550358355,2.418652149,1638,41,0.015843078,4.706739565,8.011815669,10.37064595,41,0.183918977,3.632214259,6.513513514,407,407,0.056511057,0.100737101,0.498771499,194,87,2.229885057,64.65333333,Sad,Negative
kambar,மாயா சீதைப் படலம்(யுத்த காண்டம் - பகுதி 4),7174,4483,0.624895456,6.576526345,2.472189532,3488,122,0.018260385,4.701812091,8.028016959,10.53441515,41,0.174187662,3.653192083,5.885151764,1219,1219,0.080393765,0.114027892,0.51271534,624,247,2.526315789,65.2590799,Sad,Negative
kambar,மாரீசன் வதைப் படலம்(ஆரணிய காண்டம் - 2),6903,3988,0.577719832,5.999420542,2.364325059,3025,141,0.022164276,4.579778137,7.81488181,10.18805792,41,0.166851094,3.376213241,4.731322824,1459,1459,0.098012337,0.11446196,0.545579164,560,181,3.093922652,66.89208633,Sad,Negative
kambar,மிதிலைக் காட்சிப் படலம்(பாலகாண்டம்-1),4630,2910,0.628509719,5.845140389,2.411454203,2249,61,0.016846652,4.692198371,8.019691596,10.49249222,41,0.167719045,3.304967603,4.710071211,983,983,0.094608342,0.105798576,0.542217701,281,61,4.606557377,51.51832461,Devotion,Positive
kambar,வாலி வதைப் படலம்(கிட்கிந்தா காண்டம் - 1),4922,3064,0.622511174,6.0292564,2.414309025,2362,107,0.021332792,4.693305459,7.905774792,10.30359465,41,0.17113988,3.380130028,4.830225711,1019,1019,0.089303238,0.105986261,0.569185476,354,90,3.933333333,67.07692308,Sad,Negative
kambar,விடை கொடுத்த படலம்(யுத்த காண்டம் - பகுதி 5),1058,853,0.806238185,6.597353497,2.283017063,729,14,0.013232514,4.622795033,7.891442718,10.05949349,40,0.174094376,3.745746692,5.877777778,180,180,0.05,0.122222222,0.511111111,63,25,2.52,51.90909091,Happy,Positive
kambar,விராதன் வதைப் படலம்(ஆரணிய காண்டம் - 1),1769,1338,0.756359525,5.854720181,2.334355583,1105,33,0.019219898,4.662556263,7.895792839,10.18838803,40,0.157155059,3.306953081,5.528125,320,320,0.065625,0.075,0.565625,96,19,5.052631579,68.96491228,Sad,Negative
kapilar,inna01,20,15,0.75,5.75,1.444818328,13,0,0.0,4.210502238,5.84244303,6.331114182,23,0.165467626,3.4,5.0,4,4,0.0,0.25,0.0,2,0,0.0,60.0,Sad,Negative
kapilar,inna02,23,18,0.782608696,5.47826087,1.611630695,16,0,0.0,4.301333285,6.006316704,6.570797194,25,0.177631579,3.086956522,5.75,4,4,0.0,0.25,0.25,0,0,0.0,54.0,Sad,Negative
kapilar,inna03,20,15,0.75,6.1,2.11896201,13,0,0.05,4.434580857,5.933810449,6.486566474,27,0.198630137,3.4,5.0,4,4,0.0,0.25,0.0,0,0,0.0,60.0,Sad,Negative
kapilar,inna04,18,14,0.777777778,6.611111111,3.368792875,13,0,0.0,4.442580143,6.003589607,6.477261581,27,0.170212766,3.833333333,4.5,4,4,0.0,0.25,0.0,1,0,0.0,64.0,Sad,Negative
kapilar,inna05,24,20,0.833333333,5.166666667,1.818118686,19,0,0.0,4.418039554,5.954659293,6.453507441,30,0.190789474,2.958333333,6.0,4,4,0.0,0.25,0.0,0,0,0.0,52.0,Sad,Negative
kapilar,inna06,22,18,0.818181818,5.772727273,1.535395069,17,0,0.0,4.401576053,6.03349633,6.584741002,27,0.183006536,3.318181818,5.5,4,4,0.0,0.25,0.0,0,0,0.0,56.0,Sad,Negative
kapilar,inna07,22,16,0.727272727,5.954545455,1.364393729,13,0,0.0,4.337681712,5.863221384,6.342015293,25,0.171974522,3.409090909,5.5,4,4,0.0,0.25,0.0,0,0,0.0,56.0,Sad,Negative
kapilar,inna08,20,14,0.7,6.1,1.972308292,12,0,0.0,4.345737444,5.948918232,6.338516846,26,0.184931507,3.6,5.0,4,4,0.0,0.25,0.0,0,0,0.0,60.0,Sad,Negative
kapilar,inna09,17,13,0.764705882,6.647058824,2.140400635,12,0,0.0,4.261871732,5.705831866,6.187132638,26,0.186567164,3.647058824,4.25,4,4,0.0,0.25,0.0,1,0,0.0,66.0,Sad,Negative
kapilar,inna10,19,15,0.789473684,6.0,1.685854461,14,0,0.0,4.436663263,6.005774633,6.430938194,27,0.233576642,3.368421053,4.75,4,4,0.0,0.25,0.0,0,0,0.0,62.0,Sad,Negative
kapilar,inna11,17,16,0.941176471,6.411764706,1.816875907,15,0,0.0,4.154519103,5.955557662,6.540282933,25,0.181818182,3.352941176,4.25,4,4,0.0,0.0,0.75,0,1,0.0,66.0,Sad,Negative
kapilar,inna12,16,16,1.0,5.75,1.920286437,16,0,0.0,4.426775538,6.150721082,6.543874788,27,0.157894737,3.3125,4.0,4,4,0.0,0.0,0.75,0,0,0.0,68.0,Sad,Negative
kapilar,inna13,18,17,0.944444444,5.777777778,1.435871998,16,0,0.0,4.322457128,6.1603354,6.582244705,25,0.1640625,3.277777778,4.5,4,4,0.0,0.0,0.75,2,0,0.0,64.0,Sad,Negative
kapilar,inna14,16,16,1.0,7.0625,1.784262803,16,0,0.0,4.299436179,6.002630284,6.545894421,26,0.140740741,3.5625,4.0,4,4,0.0,0.0,0.75,3,0,0.0,68.0,Sad,Negative
kapilar,inna15,15,15,1.0,6.466666667,1.74610678,15,0,0.0,4.21947372,5.942984434,6.461651957,27,0.161016949,3.533333333,3.75,4,4,0.0,0.0,0.75,2,0,0.0,70.0,Sad,Negative
kapilar,inna16,16,16,1.0,6.6875,1.82752394,16,0,0.0,4.119724055,5.902518266,6.473063085,23,0.19379845,3.625,4.0,4,4,0.0,0.0,0.75,1,0,0.0,68.0,Sad,Negative
kapilar,inna17,16,16,1.0,6.9375,1.390537216,16,0,0.0,4.201579388,6.082780839,6.606139273,25,0.187969925,3.75,4.0,4,4,0.0,0.0,0.75,0,0,0.0,68.0,Sad,Negative
kapilar,inna18,15,15,1.0,6.866666667,1.961858529,15,0,0.0,4.297049336,6.046945579,6.469551579,28,0.177419355,3.666666667,3.75,4,4,0.0,0.0,0.75,1,0,0.0,70.0,Sad,Negative
kapilar,inna19,14,14,1.0,7.428571429,2.945075447,14,0,0.0,4.243069165,6.055916336,6.544512621,24,0.161290323,3.714285714,3.5,4,4,0.0,0.0,0.75,1,0,0.0,72.0,Sad,Negative
kapilar,inna20,15,14,0.933333333,6.6,1.6653328,13,0,0.0,4.188748745,5.666430658,6.121842731,25,0.158333333,3.466666667,3.75,4,4,0.0,0.0,0.75,4,0,0.0,70.0,Sad,Negative
kapilar,inna21,21,17,0.80952381,5.904761905,2.348348192,15,0,0.0,4.244907465,5.952917791,6.576741009,27,0.167741935,3.476190476,5.25,4,4,0.0,0.25,0.0,1,0,0.0,58.0,Sad,Negative
kapilar,inna22,22,19,0.863636364,5.545454545,2.082988952,18,0,0.045454545,4.225782052,6.12159358,6.717472313,26,0.162337662,3.0,5.5,4,4,0.0,0.25,0.0,2,0,0.0,56.0,Sad,Negative
kapilar,inna23,21,18,0.857142857,5.047619048,1.463075381,17,0,0.0,4.327811532,5.948301975,6.435309235,25,0.160583942,2.904761905,5.25,4,4,0.0,0.25,0.0,2,0,0.0,58.0,Sad,Negative
kapilar,inna24,21,17,0.80952381,5.571428571,1.814529417,15,0,0.0,4.308380951,5.961377917,6.493600309,27,0.155405405,3.285714286,5.25,4,4,0.0,0.25,0.0,1,0,0.0,58.0,Sad,Negative
kapilar,inna25,19,15,0.789473684,6.263157895,2.612562873,13,0,0.0,4.282028919,5.993466405,6.478016418,26,0.170068027,3.578947368,4.75,4,4,0.0,0.25,0.25,1,2,0.5,62.0,Sad,Negative
kapilar,inna26,19,16,0.842105263,6.315789474,3.044453656,15,0,0.0,4.414884434,6.092320964,6.536989107,26,0.164473684,3.578947368,4.75,4,4,0.0,0.25,0.0,0,0,0.0,81.0,Sad,Negative
kapilar,inna27,17,14,0.823529412,6.529411765,2.278225498,13,0,0.0,4.387850812,6.05204504,6.477024974,24,0.144927536,3.764705882,4.25,4,4,0.0,0.25,0.0,0,0,0.0,66.0,Sad,Negative
kapilar,inna28,20,16,0.8,6.4,1.71464282,14,0,0.0,4.140764221,5.871441192,6.390858148,25,0.170886076,3.45,5.0,4,4,0.25,0.25,0.0,5,0,0.0,60.0,Sad,Negative
kapilar,inna29,22,18,0.818181818,5.590909091,2.480085976,16,0,0.045454545,4.323845933,6.022106246,6.541382124,26,0.2,3.227272727,5.5,4,4,0.0,0.25,0.0,4,0,0.0,56.0,Sad,Negative
kapilar,inna30,23,20,0.869565217,4.956521739,1.197034774,19,0,0.0,4.473405443,6.090117427,6.560775038,31,0.170068027,2.913043478,5.75,4,4,0.0,0.25,0.0,0,0,0.0,54.0,Sad,Negative
kapilar,inna31,20,18,0.9,6.7,2.551470164,17,0,0.0,4.481885375,6.190145685,6.695489782,29,0.202453988,3.8,5.0,4,4,0.0,0.25,0.0,1,0,0.0,60.0,Sad,Negative
kapilar,inna32,19,16,0.842105263,5.368421053,1.563078148,15,0,0.0,4.461896734,5.92792219,6.423828515,30,0.145038168,3.105263158,4.75,4,4,0.0,0.25,0.0,1,0,0.0,62.0,Sad,Negative
kapilar,inna33,19,16,0.842105263,6.473684211,1.983309861,15,0,0.0,4.380375874,6.086660349,6.508558024,27,0.157894737,3.526315789,4.75,4,4,0.0,0.25,0.0,1,1,1.0,62.0,Sad,Negative
kapilar,inna34,20,16,0.8,6.25,1.785357107,14,0,0.0,4.384789211,6.004593057,6.506447627,27,0.167741935,3.75,5.0,4,4,0.0,0.25,0.0,0,0,0.0,60.0,Sad,Negative
kapilar,inna35,18,16,0.888888889,6.944444444,1.928506106,15,0,0.0,4.359962911,6.13915019,6.653460274,26,0.190789474,4.333333333,4.5,4,4,0.0,0.25,0.0,3,0,0.0,64.0,Sad,Negative
kapilar,inna36,17,15,0.882352941,6.882352941,1.710945832,14,0,0.0,4.371234725,6.096197912,6.486678214,27,0.202797203,3.941176471,4.25,4,4,0.0,0.25,0.0,0,0,0.0,66.0,Sad,Negative
kapilar,inna37,18,16,0.888888889,5.666666667,1.732050808,15,0,0.0,4.384116385,6.042434179,6.504047876,26,0.178294574,3.388888889,4.5,4,4,0.0,0.25,0.0,1,0,0.0,64.0,Sad,Negative
kapilar,inna38,20,18,0.9,6.4,2.130727575,17,0,0.0,4.347262086,5.956721268,6.461802409,27,0.178343949,3.65,5.0,4,4,0.0,0.25,0.0,3,0,0.0,60.0,Sad,Negative
kapilar,inna39,18,16,0.888888889,7.166666667,1.771690969,15,0,0.055555556,4.297988759,6.017595899,6.609913063,26,0.192307692,3.722222222,4.5,4,4,0.0,0.25,0.0,2,0,0.0,64.0,Sad,Negative
kapilar,inna40,18,16,0.888888889,6.222222222,1.812167381,15,0,0.0,4.337733254,6.111980663,6.508483499,25,0.151079137,3.5,4.5,4,4,0.0,0.25,0.0,0,0,0.0,64.0,Sad,Negative
manickavasagar,அச்சோப் பதிகம்,196,160,0.816326531,9.418367347,2.278665333,149,0,0.0,4.651981921,7.66200183,9.168938362,38,0.175302663,5.158163265,4.0,49,49,0.020408163,0.081632653,0.755102041,9,10,0.9,69.84615385,Devotion,Positive
manickavasagar,அடைக்கலப் பத்து - பக்குவ நிண்ணயம்,180,148,0.822222222,9.338888889,4.01409169,143,0,0.0,4.584561879,7.463070343,9.039443729,35,0.188829787,5.061111111,4.390243902,41,41,0.0,0.024390244,0.756097561,26,3,8.666666667,67.27272727,Devotion,Positive
manickavasagar,அதிசியப் பத்து - முத்தி இலக்கணம்,223,178,0.798206278,8.228699552,2.989770544,170,0,0.004484305,4.60889158,7.634470429,9.200044616,37,0.174289841,4.587443946,5.43902439,41,41,0.024390244,0.048780488,0.756097561,5,2,2.5,59.45454545,Devotion,Positive
manickavasagar,அன்னைப் பத்து - ஆத்தும பூரணம்,161,111,0.689440994,7.260869565,2.050667939,95,0,0.0,4.439369647,7.167820532,8.402427648,35,0.201630838,4.037267081,3.926829268,41,41,0.243902439,0.024390244,0.756097561,5,0,0.0,70.72727273,Devotion,Positive
manickavasagar,அற்புதப்பத்து - அனுபவமாற்றாமை,241,204,0.846473029,7.912863071,2.044291845,189,0,0.0,4.602444034,7.671288838,9.284408921,37,0.178126442,4.365145228,5.87804878,41,41,0.0,0.097560976,0.756097561,7,0,0.0,56.18181818,Devotion,Positive
manickavasagar,ஆசைப்பத்து - ஆத்தும இலக்கணம்,208,175,0.841346154,7.913461538,3.054349285,166,1,0.004807692,4.622531851,7.618854233,9.125079113,36,0.174052322,4.302884615,5.073170732,41,41,0.0,0.048780488,0.756097561,4,13,0.307692308,62.18181818,Devotion,Positive
manickavasagar,ஆனந்தமாலை - சிவானுபவ விருப்பம்,169,163,0.964497041,7.284023669,2.553993119,157,0,0.0,4.591364623,7.608890496,9.156713098,35,0.174805379,3.946745562,5.827586207,29,29,0.034482759,0.0,0.75862069,8,6,1.333333333,57.75,Happy,Positive
manickavasagar,எண்ணப்பதிகம் - ஒழியா இன்பத்துவகை,155,144,0.929032258,7.174193548,2.444607989,136,0,0.0,4.569381423,7.459867851,8.965643647,36,0.166014096,3.935483871,6.2,25,25,0.04,0.04,0.8,8,5,1.6,48.33333333,Devotion,Positive
manickavasagar,குயிற்பத்து - ஆத்தும இரக்கம்,237,212,0.894514768,6.738396624,1.948471857,201,0,0.0,4.615971219,7.700239487,9.348569152,38,0.171073934,3.670886076,5.780487805,41,41,0.0,0.048780488,0.756097561,9,1,9.0,56.90909091,Devotion,Positive
manickavasagar,குலாப் பத்து - அனுபவம் இடையீடுபடாமை,163,135,0.828220859,9.17791411,2.325954505,131,0,0.0,4.549786758,7.442957287,8.904749456,38,0.193087008,4.889570552,3.975609756,41,41,0.0,0.024390244,0.756097561,6,1,6.0,70.36363636,Devotion,Positive
manickavasagar,கோயில் திருப்பதிகம் - அனுபோக இலக்கணம்,254,229,0.901574803,8.251968504,3.836149037,218,0,0.0,4.63970669,7.669090575,9.397631051,39,0.175179401,4.409448819,3.135802469,81,81,0.024691358,0.061728395,0.87654321,9,3,3.0,53.81818182,Happy,Positive
manickavasagar,கோயில் மூத்த திருப்பதிகம் - அநாதியாகிய சற்காரியம்,229,211,0.92139738,8.165938865,2.808047017,202,1,0.004366812,4.53263892,7.4818143,9.112555811,38,0.187913126,4.366812227,5.585365854,41,41,0.0,0.0,0.756097561,15,9,1.666666667,58.36363636,Devotion,Positive
manickavasagar,சிவாபராணம்,470,411,0.874468085,6.778723404,2.572765394,381,3,0.008510638,4.619361638,7.753046849,9.663906586,40,0.197897007,3.740425532,4.895833333,96,96,0.0,0.072916667,0.9375,31,4,7.75,-213.3333333,Devotion,Positive
manickavasagar,செத்திலாப் பத்து,265,225,0.849056604,8.547169811,4.122492549,212,0,0.0,4.600362503,7.679020451,9.386097543,36,0.173793645,4.566037736,3.271604938,81,81,0.037037037,0.086419753,0.87654321,5,7,0.714285714,51.81818182,Sad,Negative
manickavasagar,சென்னிப்பத்து - சிவவிளைவு,245,197,0.804081633,7.571428571,2.731524206,179,0,0.0,4.520314711,7.519669747,9.120458877,36,0.184521,4.114285714,5.975609756,41,41,0.048780488,0.097560976,0.756097561,20,3,6.666666667,55.45454545,Devotion,Positive
manickavasagar,திரு அம்மானை,481,407,0.846153846,8.983367983,2.630331214,384,0,0.0,4.569079779,7.674111926,9.572679213,39,0.188803966,4.783783784,3.975206612,121,121,0.016528926,0.05785124,0.834710744,33,13,2.538461538,54.19047619,Devotion,Positive
manickavasagar,திருஉந்தியார் - ஞான வெற்றி,200,159,0.795,7.565,2.008923841,150,0,0.0,4.606168239,7.438625659,8.803564369,37,0.192351598,4.305,3.278688525,61,61,0.0,0.081967213,0.672131148,6,3,2.0,80.95238095,Devotion,Positive
manickavasagar,திருஏசறவு,166,151,0.909638554,9.289156627,2.326018992,144,0,0.0,4.635232295,7.664986452,9.226743433,38,0.189924725,5.120481928,4.048780488,41,41,0.0,0.073170732,0.756097561,13,2,6.5,69.81818182,Devotion,Positive
manickavasagar,திருக்கோத்தும்பி - சிவனோடு ஐக்கியம்,326,276,0.846625767,8.610429448,2.422747857,260,1,0.0,4.60917315,7.685113828,9.37449464,39,0.196090794,4.616564417,4.024691358,81,81,0.0,0.049382716,0.75308642,16,7,2.285714286,68.95238095,Devotion,Positive
manickavasagar,திருச்சாழல் - சிவனுடைய காருணியம்,325,258,0.793846154,8.818461538,2.528781543,224,0,0.003076923,4.657008815,7.76990221,9.552810785,37,0.174074074,4.846153846,4.012345679,81,81,0.172839506,0.074074074,0.62962963,29,3,9.666666667,79.03225806,Devotion,Positive
manickavasagar,திருத்தசாங்கம் - அடிமை கொண்ட முறைமை,152,144,0.947368421,8.671052632,3.021363224,138,1,0.006578947,4.675968007,7.627753655,9.141039492,38,0.18952949,4.717105263,3.707317073,41,41,0.0,0.048780488,0.756097561,16,1,16.0,72.36363636,Devotion,Positive
manickavasagar,திருத்தெள்ளேணம்,319,266,0.833855799,9.087774295,2.759731894,254,0,0.0,4.599923555,7.66000834,9.379073894,37,0.176542831,4.968652038,3.938271605,81,81,0.0,0.037037037,0.75308642,16,2,8.0,69.61904762,Devotion,Positive
manickavasagar,திருத்தோள் நோக்கம் - பிரபஞ்ச சுத்தி,224,198,0.883928571,8.660714286,2.709288162,193,1,0.0,4.607778867,7.763595307,9.497926108,37,0.185759927,4.758928571,3.929824561,57,57,0.0,0.035087719,0.754385965,12,3,4.0,70.13333333,Devotion,Positive
manickavasagar,திருப்படை ஆட்சி - சீவஉபாதி ஒழிதல்,369,288,0.780487805,6.777777778,2.243797701,259,1,0.002710027,4.599445642,7.572056749,9.144007898,39,0.139688042,3.777777778,5.765625,64,64,0.0,0.078125,0.875,15,0,0.0,18.0,Devotion,Positive
manickavasagar,திருப்படை எழுச்சி - பிரபஞ்சப் போர்,34,33,0.970588235,8.676470588,2.631490164,32,1,0.0,4.622737778,6.887389772,7.763232669,34,0.204819277,4.794117647,3.777777778,9,9,0.0,0.111111111,0.777777778,5,3,1.666666667,77.33333333,Devotion,Positive
manickavasagar,திருப்பள்ளியெழுச்சி - திரோதான சுத்தி,308,261,0.847402597,7.983766234,2.716543133,241,3,0.00974026,4.634285904,7.687852557,9.373824201,37,0.171213209,4.422077922,3.802469136,81,81,0.037037037,0.086419753,0.87654321,19,4,4.75,44.0,Devotion,Positive
manickavasagar,திருப்புலம்பல் - சிவானநத முதிர்வு,50,48,0.96,9.3,2.586503431,46,0,0.0,4.696137368,7.309647347,8.232562079,34,0.192307692,5.04,3.846153846,13,13,0.0,0.0,0.769230769,5,0,0.0,75.0,Devotion,Positive
manickavasagar,திருப்பூவல்லி - மாயா விசயம் நீக்குதல்,327,274,0.837920489,8.443425076,2.42357393,263,1,0.003058104,4.609500543,7.712045888,9.455503262,37,0.171730093,4.599388379,4.037037037,81,81,0.012345679,0.037037037,0.75308642,24,4,6.0,68.85714286,Devotion,Positive
manickavasagar,திருப்பொன்னூசல் - அருட் சுத்தி,217,186,0.857142857,8.129032258,2.691843882,176,0,0.0,4.638694507,7.674904031,9.21066942,36,0.176676677,4.419354839,3.945454545,55,55,0.0,0.054545455,0.836363636,19,2,9.5,56.6,Devotion,Positive
manickavasagar,திருப்பொற் சுண்ணம் - ஆனந்த மனோலயம்,475,409,0.861052632,8.894736842,3.250501772,374,0,0.0,4.570762532,7.734528512,9.64812281,40,0.194977843,4.945263158,2.950310559,161,161,0.043478261,0.080745342,0.875776398,36,2,18.0,54.76190476,Devotion,Positive
manickavasagar,திருவண்டப் பகுதி,762,637,0.835958005,6.896325459,2.118785404,578,5,0.007874016,4.599391624,7.784755689,9.862521866,41,0.194925029,3.824146982,4.163934426,183,183,0.016393443,0.027322404,1.0,36,5,7.2,-662.0,Devotion,Positive
manickavasagar,திருவார்த்தை - அறிவித் தன்புறுத்தல்,240,208,0.866666667,8.195833333,2.764202592,191,0,0.0,4.625101899,7.691046998,9.315575215,39,0.170260557,4.595833333,5.853658537,41,41,0.048780488,0.073170732,0.756097561,10,3,3.333333333,56.36363636,Devotion,Positive
manickavasagar,திருவெம்பாவை,678,602,0.887905605,8.178466077,2.785181395,559,3,0.002949853,4.6466718,7.883246147,9.947642344,40,0.19412516,4.498525074,4.211180124,161,161,0.043478261,0.062111801,0.875776398,47,8,5.875,35.42857143,Devotion,Positive
manickavasagar,நீத்தல் விண்ணப்பம்,1044,839,0.803639847,7.979885057,3.298463822,777,2,0.001915709,4.617862805,7.813277309,9.893832125,40,0.177432974,4.341954023,5.194029851,201,201,0.0,0.029850746,0.751243781,55,7,7.857142857,59.05882353,Devotion,Positive
manickavasagar,பண்டாய நான்மறை - அனுபவத்து ஐயமின்மை உரைத்தல்,105,102,0.971428571,8.361904762,2.892103566,100,1,0.00952381,4.596956838,7.449548587,8.775816781,34,0.1937751,4.542857143,3.620689655,29,29,0.0,0.0,0.75862069,7,2,3.5,73.75,Devotion,Positive
manickavasagar,பிடித்த பத்து - முத்திக்கலப்புரைத்தல்,265,190,0.716981132,7.81509434,2.250316223,172,0,0.0,4.611052815,7.537922839,9.051112097,37,0.157537155,4.230188679,6.463414634,41,41,0.0,0.073170732,0.756097561,1,0,0.0,51.81818182,Devotion,Positive
manickavasagar,புணர்ச்சிப்பத்து -அத்துவித இலக்கணம்,270,218,0.807407407,7.318518519,2.730220048,202,1,0.003703704,4.539346123,7.524252125,9.088704983,37,0.184547461,3.985185185,6.585365854,41,41,0.0,0.024390244,0.756097561,16,1,16.0,50.90909091,Devotion,Positive
manickavasagar,போற்றித் திருஅகவல்,980,681,0.694897959,6.142857143,2.081502597,600,12,0.016326531,4.567506967,7.568036587,9.472285354,40,0.200370265,3.462244898,4.336283186,226,226,0.022123894,0.008849558,1.0,23,7,3.285714286,-1860.0,Devotion,Positive
manickavasagar,யாத்திரைப் பத்து - அனுபவ அதீதம் உரைத்தல்,236,217,0.919491525,7.966101695,2.664684938,201,0,0.0,4.587101588,7.586532017,9.250652061,36,0.179391101,4.31779661,5.756097561,41,41,0.024390244,0.024390244,0.756097561,29,14,2.071428571,57.09090909,Devotion,Positive
manickavasagar,வாழாப்பத்து - முத்தி உபாயம்,242,142,0.58677686,8.508264463,3.43684669,122,0,0.0,4.602117385,7.349971403,8.603544438,36,0.183189655,4.570247934,5.902439024,41,41,0.0,0.073170732,0.756097561,12,0,0.0,56.0,Devotion,Positive
